{
    "ActionSound": "",
    "AutoUnlock": true,
    "Cards": [
        "{\n    \"UnitsInDeck\": 1,\n    \"Card\": \"barricade\"\n}",
        "{\n    \"UnitsInDeck\": 1,\n    \"Card\": \"provoke\"\n}",
        "{\n    \"UnitsInDeck\": 3,\n    \"Card\": \"stoneskin\"\n}",
        "{\n    \"UnitsInDeck\": 3,\n    \"Card\": \"aimedshot\"\n}",
        "{\n    \"UnitsInDeck\": 3,\n    \"Card\": \"quickshot\"\n}",
        "{\n    \"UnitsInDeck\": 3,\n    \"Card\": \"intercept\"\n}",
        "{\n    \"UnitsInDeck\": 1,\n    \"Card\": \"fabricatormultipurposekit\"\n}"
    ],
    "ChallengePack0": "thesteelspartan",
    "ChallengePack1": "axman",
    "ChallengePack2": "avenger",
    "ChallengePack3": "guardian",
    "ChallengePack4": "commander",
    "ChallengePack5": "marauder",
    "ChallengePack6": "warlord",
    "CharacterDescription": "This character comes from Senenthia and blah blah blah",
    "CharacterDescriptionStrength": "This character excels at assisting others via \"turrets\" to boost damage and utility along with with blocking for themselfs with block and taunt along with playing alot of enhancements",
    "CharacterName": "Steel Spartan",
    "Energy": 1,
    "EnergyTurn": 3,
    "Female": true,
    "FluffOffsetX": 0,
    "FluffOffsetY": 3.40000009536743,
    "HeroClass": "warrior",
    "HeroClassSecondary": "scout",
    "HitSound": "",
    "HP": 116,
    "ID": "fabricator",
    "Item": "fabricatorhandheldsentry",
    "MaxHP": [
        0,
        5,
        10,
        15,
        15
    ],
    "OrderInList": 5,
    "ResistSlashing": 20,
    "ResistBlunt": 10,
    "ResistPiercing": 15,
    "ResistFire": 5,
    "ResistCold": 10,
    "ResistLightning": -10,
    "ResistHoly": 10,
    "ResistShadow": 0,
    "ResistMind": 15,
    "Speed": 15,
    "SpriteBorderLocked": "thesteelspartanSilueta",
    "StickerBase": "",
    "StickerAngry": "",
    "StickerIndifferent": "",
    "StickerLove": "",
    "StickerSurprise": "",
    "StickerOffsetX": 0.100000001490116,
    "SubclassName": "Fabricator",
    "Trait0": "fabricatortrait0",
    "Trait1A": "fabricatortrait1a",
    "Trait1B": "fabricatortrait1b",
    "Trait2A": "fabricatortrait2a",
    "Trait2B": "fabricatortrait2b",
    "Trait3A": "fabricatortrait3a",
    "Trait3B": "fabricatortrait3b",
    "Trait4A": "fabricatortrait4a",
    "Trait4B": "fabricatortrait4b"
}